source,specifier,resolved
pages/Settings.tsx,../contexts/ConfirmContext,contexts/ConfirmContext.tsx
pages/Settings.tsx,../types,types.ts
pages/Settings.tsx,../components/Notification,components/Notification.tsx
pages/Settings.tsx,../components/Modal,components/Modal.tsx
pages/Settings.tsx,../utils/asyncGuards,utils/asyncGuards.ts
pages/Settings.tsx,../components/Button,components/Button.tsx
pages/Settings.tsx,../components/ToggleSwitch,components/ToggleSwitch.tsx
pages/Settings.tsx,../components/FormSection,components/FormSection.tsx
pages/Settings.tsx,../components/SmsPatternTestModal,components/SmsPatternTestModal.tsx
pages/Settings.tsx,../components/SmsPatternPreviewModal,components/SmsPatternPreviewModal.tsx
pages/Settings.tsx,../components/TelegramTemplateTestModal,components/TelegramTemplateTestModal.tsx
pages/Settings.tsx,../components/SmsBulkTestModal,components/SmsBulkTestModal.tsx
pages/Settings.tsx,../contexts/AuthContext,contexts/AuthContext.tsx
pages/Settings.tsx,../utils/apiFetch,utils/apiFetch.ts
pages/Settings.tsx,../utils/feedback,utils/feedback.ts
pages/Settings.tsx,../contexts/StyleContext,contexts/StyleContext.tsx
pages/Settings.tsx,../utils/branding,utils/branding.ts
pages/Settings.tsx,../utils/currency,utils/currency.ts
pages/Settings.tsx,../utils/loadAuthedAssetUrl,utils/loadAuthedAssetUrl.ts
pages/Settings.tsx,../components/ui/PageShell,components/ui/PageShell.tsx
pages/Settings.tsx,./settings/index,pages/settings/index.ts
pages/Settings.tsx,../utils/backupSchedule,utils/backupSchedule.ts
pages/Settings.tsx,../utils/exporters,utils/exporters.ts
pages/Settings.tsx,../utils/dateUtils,utils/dateUtils.ts
pages/Settings.tsx,../utils/iranDateTime,utils/iranDateTime.ts
pages/Settings.tsx,../utils/featureFlags,utils/featureFlags.ts
pages/Settings.tsx,../shared/messages,shared/messages.ts
pages/Settings.tsx,./settings/settingsHelpers,pages/settings/settingsHelpers.ts
pages/settings/Backups.tsx,../../components/Notification,components/Notification.tsx
pages/settings/Backups.tsx,../../components/Button,components/Button.tsx
pages/settings/Backups.tsx,../../contexts/AuthContext,contexts/AuthContext.tsx
pages/settings/Backups.tsx,../../types,types.ts
pages/settings/SettingsAccountPanel.tsx,./settingsPanelTypes,pages/settings/settingsPanelTypes.ts
pages/settings/SettingsAccountPanel.tsx,../../components/Button,components/Button.tsx
pages/settings/SettingsBusinessPanel.tsx,./settingsPanelTypes,pages/settings/settingsPanelTypes.ts
pages/settings/SettingsBusinessPanel.tsx,../../components/Button,components/Button.tsx
pages/settings/SettingsBusinessPanel.tsx,../../utils/currency,utils/currency.ts
pages/settings/SettingsDataPanel.tsx,./settingsPanelTypes,pages/settings/settingsPanelTypes.ts
pages/settings/SettingsDataPanel.tsx,../../utils/backupSchedule,utils/backupSchedule.ts
pages/settings/SettingsDataPanel.tsx,../../components/Button,components/Button.tsx
pages/settings/SettingsDataPanel.tsx,../../components/ToggleSwitch,components/ToggleSwitch.tsx
pages/settings/SettingsDataPanel.tsx,../../components/ui/TextField,components/ui/TextField.tsx
pages/settings/SettingsDataPanel.tsx,../../components/ui/SelectField,components/ui/SelectField.tsx
pages/settings/SettingsDataPanel.tsx,../../utils/backupSchedule,utils/backupSchedule.ts
pages/settings/SettingsDataPanel.tsx,../../utils/iranDateTime,utils/iranDateTime.ts
pages/settings/SettingsLocalPanel.tsx,../../components/Button,components/Button.tsx
pages/settings/SettingsLocalPanel.tsx,./settingsPanelTypes,pages/settings/settingsPanelTypes.ts
pages/settings/SettingsModulesPanel.tsx,./settingsPanelTypes,pages/settings/settingsPanelTypes.ts
pages/settings/SettingsModulesPanel.tsx,../../components/Button,components/Button.tsx
pages/settings/SettingsModulesPanel.tsx,../../components/ToggleSwitch,components/ToggleSwitch.tsx
pages/settings/SettingsModulesPanel.tsx,../../utils/featureFlags,utils/featureFlags.ts
pages/settings/SettingsPricingPanel.tsx,./settingsPanelTypes,pages/settings/settingsPanelTypes.ts
pages/settings/SettingsPricingPanel.tsx,../../components/Button,components/Button.tsx
pages/settings/SettingsRemindersPanel.tsx,./settingsPanelTypes,pages/settings/settingsPanelTypes.ts
pages/settings/SettingsRemindersPanel.tsx,../../components/ReminderRulesBuilder,components/ReminderRulesBuilder.tsx
pages/settings/SettingsSmartPanel.tsx,./settingsPanelTypes,pages/settings/settingsPanelTypes.ts
pages/settings/SettingsSmartPanel.tsx,../../components/AiFeatureControlPanel,components/AiFeatureControlPanel.tsx
pages/settings/SettingsSmsPanel.tsx,./settingsPanelTypes,pages/settings/settingsPanelTypes.ts
pages/settings/SettingsSmsPanel.tsx,../../components/Button,components/Button.tsx
pages/settings/SettingsSmsPanel.tsx,../../components/FormSection,components/FormSection.tsx
pages/settings/SettingsSmsPanel.tsx,../../components/SmsLogsPanel,components/SmsLogsPanel.tsx
pages/settings/SettingsSmsPanel.tsx,../../components/SmsHealthCheckPanel,components/SmsHealthCheckPanel.tsx
pages/settings/SettingsStylePanel.tsx,./settingsPanelTypes,pages/settings/settingsPanelTypes.ts
pages/settings/SettingsStylePanel.tsx,./StyleSettings,pages/settings/StyleSettings.tsx
pages/settings/SettingsTelegramPanel.tsx,./settingsPanelTypes,pages/settings/settingsPanelTypes.ts
pages/settings/SettingsTelegramPanel.tsx,../../components/Button,components/Button.tsx
pages/settings/SettingsTelegramPanel.tsx,../../components/FormSection,components/FormSection.tsx
pages/settings/SettingsTelegramPanel.tsx,../../components/ModalField,components/ModalField.tsx
pages/settings/SettingsTelegramPanel.tsx,../../components/ui/SelectField,components/ui/SelectField.tsx
pages/settings/SettingsTelegramPanel.tsx,../../components/TelegramLogsPanel,components/TelegramLogsPanel.tsx
pages/settings/SettingsTelegramPanel.tsx,../../components/ui/TextField,components/ui/TextField.tsx
pages/settings/SettingsTelegramPanel.tsx,../../components/ToggleSwitch,components/ToggleSwitch.tsx
pages/settings/SettingsUsersModals.tsx,./settingsPanelTypes,pages/settings/settingsPanelTypes.ts
pages/settings/SettingsUsersModals.tsx,../../components/Modal,components/Modal.tsx
pages/settings/SettingsUsersModals.tsx,../../components/ModalActions,components/ModalActions.tsx
pages/settings/SettingsUsersModals.tsx,../../components/ModalField,components/ModalField.tsx
pages/settings/SettingsUsersModals.tsx,../../components/Button,components/Button.tsx
pages/settings/SettingsUsersModals.tsx,../../components/ui/TextField,components/ui/TextField.tsx
pages/settings/SettingsUsersModals.tsx,../../components/ui/SelectField,components/ui/SelectField.tsx
pages/settings/SettingsUsersPanel.tsx,./settingsPanelTypes,pages/settings/settingsPanelTypes.ts
pages/settings/SettingsUsersPanel.tsx,../../components/Button,components/Button.tsx
pages/settings/StoreOwnershipPage.tsx,../../utils/apiFetch,utils/apiFetch.ts
pages/settings/StoreOwnershipPage.tsx,../../utils/feedback,utils/feedback.ts
pages/settings/StyleSettings.tsx,../../hooks/useStyle,hooks/useStyle.ts
pages/settings/StyleSettings.tsx,../../components/Button,components/Button.tsx
pages/settings/StyleSettings.tsx,../../components/ToggleSwitch,components/ToggleSwitch.tsx
pages/settings/settingsPanelTypes.ts,../../types,types.ts
pages/settings/settingsPanelTypes.ts,../../components/SmsBulkTestModal,components/SmsBulkTestModal.tsx
pages/settings/settingsPanelTypes.ts,../../utils/backupSchedule,utils/backupSchedule.ts
pages/settings/settingsPanelTypes.ts,../../utils/featureFlags,utils/featureFlags.ts
