file,specifier,exists
pages/settings/Backups.tsx,../../components/Notification,True
pages/settings/Backups.tsx,../../components/Button,True
pages/settings/Backups.tsx,../../contexts/AuthContext,True
pages/settings/Backups.tsx,../../types,True
pages/settings/SettingsAccountPanel.tsx,./settingsPanelTypes,True
pages/settings/SettingsAccountPanel.tsx,../../components/Button,True
pages/settings/SettingsBusinessPanel.tsx,./settingsPanelTypes,True
pages/settings/SettingsBusinessPanel.tsx,../../components/Button,True
pages/settings/SettingsBusinessPanel.tsx,../../utils/currency,True
pages/settings/SettingsDataPanel.tsx,./settingsPanelTypes,True
pages/settings/SettingsDataPanel.tsx,../../utils/backupSchedule,True
pages/settings/SettingsDataPanel.tsx,../../components/Button,True
pages/settings/SettingsDataPanel.tsx,../../components/ToggleSwitch,True
pages/settings/SettingsDataPanel.tsx,../../components/ui/TextField,True
pages/settings/SettingsDataPanel.tsx,../../components/ui/SelectField,True
pages/settings/SettingsDataPanel.tsx,../../utils/backupSchedule,True
pages/settings/SettingsDataPanel.tsx,../../utils/iranDateTime,True
pages/settings/SettingsLocalPanel.tsx,../../components/Button,True
pages/settings/SettingsLocalPanel.tsx,./settingsPanelTypes,True
pages/settings/SettingsModulesPanel.tsx,./settingsPanelTypes,True
pages/settings/SettingsModulesPanel.tsx,../../components/Button,True
pages/settings/SettingsModulesPanel.tsx,../../components/ToggleSwitch,True
pages/settings/SettingsModulesPanel.tsx,../../utils/featureFlags,True
pages/settings/SettingsPricingPanel.tsx,./settingsPanelTypes,True
pages/settings/SettingsPricingPanel.tsx,../../components/Button,True
pages/settings/SettingsRemindersPanel.tsx,./settingsPanelTypes,True
pages/settings/SettingsRemindersPanel.tsx,../../components/ReminderRulesBuilder,True
pages/settings/SettingsSmartPanel.tsx,./settingsPanelTypes,True
pages/settings/SettingsSmartPanel.tsx,../../components/AiFeatureControlPanel,True
pages/settings/SettingsSmsPanel.tsx,./settingsPanelTypes,True
pages/settings/SettingsSmsPanel.tsx,../../components/Button,True
pages/settings/SettingsSmsPanel.tsx,../../components/FormSection,True
pages/settings/SettingsSmsPanel.tsx,../../components/SmsLogsPanel,True
pages/settings/SettingsSmsPanel.tsx,../../components/SmsHealthCheckPanel,True
pages/settings/SettingsStylePanel.tsx,./settingsPanelTypes,True
pages/settings/SettingsStylePanel.tsx,./StyleSettings,True
pages/settings/SettingsTelegramPanel.tsx,./settingsPanelTypes,True
pages/settings/SettingsTelegramPanel.tsx,../../components/Button,True
pages/settings/SettingsTelegramPanel.tsx,../../components/FormSection,True
pages/settings/SettingsTelegramPanel.tsx,../../components/ModalField,True
pages/settings/SettingsTelegramPanel.tsx,../../components/ui/SelectField,True
pages/settings/SettingsTelegramPanel.tsx,../../components/TelegramLogsPanel,True
pages/settings/SettingsTelegramPanel.tsx,../../components/ui/TextField,True
pages/settings/SettingsTelegramPanel.tsx,../../components/ToggleSwitch,True
pages/settings/SettingsUsersModals.tsx,./settingsPanelTypes,True
pages/settings/SettingsUsersModals.tsx,../../components/Modal,True
pages/settings/SettingsUsersModals.tsx,../../components/ModalActions,True
pages/settings/SettingsUsersModals.tsx,../../components/ModalField,True
pages/settings/SettingsUsersModals.tsx,../../components/Button,True
pages/settings/SettingsUsersModals.tsx,../../components/ui/TextField,True
pages/settings/SettingsUsersModals.tsx,../../components/ui/SelectField,True
pages/settings/SettingsUsersPanel.tsx,./settingsPanelTypes,True
pages/settings/SettingsUsersPanel.tsx,../../components/Button,True
pages/settings/StoreOwnershipPage.tsx,../../utils/apiFetch,True
pages/settings/StoreOwnershipPage.tsx,../../utils/feedback,True
pages/settings/StyleSettings.tsx,../../hooks/useStyle,True
pages/settings/StyleSettings.tsx,../../components/Button,True
pages/settings/StyleSettings.tsx,../../components/ToggleSwitch,True
pages/settings/index.ts,./SettingsAccountPanel,True
pages/settings/index.ts,./SettingsBusinessPanel,True
pages/settings/index.ts,./SettingsDataPanel,True
pages/settings/index.ts,./SettingsLocalPanel,True
pages/settings/index.ts,./SettingsModulesPanel,True
pages/settings/index.ts,./SettingsPricingPanel,True
pages/settings/index.ts,./SettingsRemindersPanel,True
pages/settings/index.ts,./SettingsSmartPanel,True
pages/settings/index.ts,./SettingsSmsPanel,True
pages/settings/index.ts,./SettingsStylePanel,True
pages/settings/index.ts,./SettingsTelegramPanel,True
pages/settings/index.ts,./SettingsUsersModals,True
pages/settings/index.ts,./SettingsUsersPanel,True
pages/settings/index.ts,./settingsPanelTypes,True
pages/settings/settingsPanelTypes.ts,../../types,True
pages/settings/settingsPanelTypes.ts,../../components/SmsBulkTestModal,True
pages/settings/settingsPanelTypes.ts,../../utils/backupSchedule,True
pages/settings/settingsPanelTypes.ts,../../utils/featureFlags,True
pages/Settings.tsx,../contexts/ConfirmContext,True
pages/Settings.tsx,../types,True
pages/Settings.tsx,../components/Notification,True
pages/Settings.tsx,../components/Modal,True
pages/Settings.tsx,../utils/asyncGuards,True
pages/Settings.tsx,../components/Button,True
pages/Settings.tsx,../components/ToggleSwitch,True
pages/Settings.tsx,../components/FormSection,True
pages/Settings.tsx,../components/SmsPatternTestModal,True
pages/Settings.tsx,../components/SmsPatternPreviewModal,True
pages/Settings.tsx,../components/TelegramTemplateTestModal,True
pages/Settings.tsx,../components/SmsBulkTestModal,True
pages/Settings.tsx,../contexts/AuthContext,True
pages/Settings.tsx,../utils/apiFetch,True
pages/Settings.tsx,../utils/feedback,True
pages/Settings.tsx,../contexts/StyleContext,True
pages/Settings.tsx,../utils/branding,True
pages/Settings.tsx,../utils/currency,True
pages/Settings.tsx,../utils/loadAuthedAssetUrl,True
pages/Settings.tsx,../components/ui/PageShell,True
pages/Settings.tsx,./settings/index,True
pages/Settings.tsx,../utils/backupSchedule,True
pages/Settings.tsx,../utils/exporters,True
pages/Settings.tsx,../utils/dateUtils,True
pages/Settings.tsx,../utils/iranDateTime,True
pages/Settings.tsx,../utils/featureFlags,True
pages/Settings.tsx,../shared/messages,True
pages/Settings.tsx,./settings/settingsHelpers,True
